[
    {
        "device": "buspirate_spi",
    },
    {
        "device": "ch341a_spi",
    },
    {
        "device": "dediprog",
    },
    {
        "device": "developerbox",
    },
    {
        "device": "digilent_spi",
    },
    {
        "device": "dummy",
    },
    {
        "device": "ft2232_spi",
    },
    {
        "device": "linux_mtd",
    },
    {
        "device": "linux_spi",
    },
    {
        "device": "pickit2_spi",
    },
    {
        "device": "pony_spi",
    },
    {
        "device": "rayer_spi",
    },
    {
        "device": "serprog",
    },
    {
        "device": "usbblaster_spi",
    }
]
